{
    "ckk8b8zb2bhfn0re7h8ot4laf": {
        "palettes": [
            [
                79,
                29,
                14
            ],
            [
                7,
                165,
                15
            ],
            [
                79,
                29,
                14
            ],
            [
                44,
                200,
                15
            ],
            [
                212,
                5,
                11
            ],
            [
                27,
                41,
                10
            ],
            [
                27,
                41,
                10
            ]
        ],
        "mapped": [
            "5",
            "1"
        ],
        "useful_space": [
            0.15236523652365236,
            0.8866886688668867,
            0.10520527859237537,
            0.8969941348973607
        ]
    },
    "ckk8b8zb2bhgz0re71pfy59t6": {
        "palettes": [
            [
                4,
                178,
                3
            ],
            [
                6,
                64,
                0
            ],
            [
                14,
                0,
                0
            ],
            [
                207,
                243,
                3
            ],
            [
                7,
                32,
                0
            ],
            [
                239,
                1,
                10
            ],
            [
                8,
                0,
                0
            ]
        ],
        "mapped": [
            "7",
            "3"
        ],
        "useful_space": [
            0.11634199134199134,
            0.8782467532467533,
            0.05325,
            0.95425
        ]
    },
    "ckk8b8zb1bhfb0re70e7j6hzl": {
        "palettes": [
            [
                4,
                178,
                3
            ],
            [
                6,
                64,
                0
            ],
            [
                14,
                0,
                0
            ],
            [
                207,
                243,
                3
            ],
            [
                7,
                32,
                0
            ],
            [
                239,
                1,
                10
            ],
            [
                8,
                0,
                0
            ]
        ],
        "mapped": [
            "7",
            "3"
        ],
        "useful_space": [
            0.15452653485952134,
            0.8340270551508845,
            0.1597222222222222,
            0.8711805555555555
        ]
    },
    "ckk8b8zb1bhez0re7ac5tahqh": {
        "palettes": [
            [
                0,
                2,
                11
            ],
            [
                64,
                4,
                6
            ],
            [
                119,
                223,
                15
            ],
            [
                175,
                79,
                4
            ],
            [
                192,
                150,
                12
            ],
            [
                10,
                175,
                15
            ],
            [
                161,
                137,
                10
            ]
        ],
        "mapped": [
            "2",
            "1"
        ],
        "useful_space": [
            0.04526534859521332,
            0.9547346514047866,
            0.04826388888888889,
            0.8239583333333333
        ]
    },
    "ckk8b8zb2bhgv0re7bcjq17x5": {
        "palettes": [
            [
                114,
                88,
                5
            ],
            [
                32,
                155,
                7
            ],
            [
                204,
                159,
                0
            ],
            [
                222,
                46,
                4
            ],
            [
                160,
                202,
                3
            ],
            [
                255,
                30,
                6
            ],
            [
                54,
                30,
                14
            ]
        ],
        "mapped": [
            "7",
            "6"
        ],
        "useful_space": [
            0.07613563659628919,
            0.9155470249520153,
            0.043452556902157845,
            0.9565474430978421
        ]
    },
    "ckk8b8zb1bhff0re7a4hxgamg": {
        "palettes": [
            [
                0,
                0,
                0
            ],
            [
                244,
                85,
                0
            ],
            [
                141,
                189,
                9
            ],
            [
                237,
                189,
                2
            ],
            [
                134,
                247,
                12
            ],
            [
                79,
                79,
                9
            ],
            [
                141,
                189,
                9
            ]
        ],
        "mapped": [
            "1"
        ],
        "useful_space": [
            0.035807291666666664,
            0.96875,
            0.027126099706744868,
            0.9791055718475073
        ]
    },
    "ckk8b8zb2bhfr0re79pa14opt": {
        "palettes": [
            [
                240,
                165,
                4
            ],
            [
                244,
                119,
                14
            ],
            [
                248,
                90,
                1
            ],
            [
                187,
                27,
                13
            ],
            [
                245,
                200,
                10
            ],
            [
                249,
                154,
                12
            ],
            [
                247,
                9,
                6
            ]
        ],
        "mapped": [
            "4",
            "7"
        ],
        "useful_space": [
            0.09204218600191755,
            0.8815915627996165,
            0.053237410071942444,
            0.9280575539568345
        ]
    },
    "ckk8b8zb2bhfz0re7b4iw6ltw": {
        "palettes": [
            [
                4,
                178,
                3
            ],
            [
                6,
                64,
                0
            ],
            [
                14,
                0,
                0
            ],
            [
                207,
                243,
                3
            ],
            [
                7,
                32,
                0
            ],
            [
                239,
                1,
                10
            ],
            [
                8,
                0,
                0
            ]
        ],
        "mapped": [
            "7",
            "3"
        ],
        "useful_space": [
            0.21411432604093156,
            0.7991531404375442,
            0.02349206349206349,
            0.9331216931216931
        ]
    },
    "ckk8b8zb2bhgj0re7geegahnd": {
        "palettes": [
            [
                4,
                178,
                3
            ],
            [
                6,
                64,
                0
            ],
            [
                14,
                0,
                0
            ],
            [
                207,
                243,
                3
            ],
            [
                7,
                32,
                0
            ],
            [
                239,
                1,
                10
            ],
            [
                8,
                0,
                0
            ]
        ],