{
    "./bg_img/ckk8b8zb2bhfn0re7h8ot4laf.jpg": [
        [
            60.451127819548866,
            0.5215686274509803,
            1.0
        ],
        [
            207.58620689655172,
            0.7837837837837838,
            0.8705882352941177
        ]
    ],
    "./bg_img/ckk8b8zb2bhgz0re71pfy59t6.jpg": [
        [
            0,
            0.0,
            1.0
        ],
        [
            15.0,
            0.5609756097560976,
            0.6431372549019608
        ]
    ],
    "./bg_img/ckk8b8zb1bhfb0re70e7j6hzl.jpg": [
        [
            0.542986425339393,
            0.9954954954954955,
            0.8705882352941177
        ],
        [
            27.54716981132077,
            0.6597510373443983,
            0.9450980392156862
        ]
    ],
    "./bg_img/ckk8b8zb1bhez0re7ac5tahqh.jpg": [
        [
            50.95890410958907,
            0.5910931174089068,
            0.9686274509803922
        ],
        [
            5.4098360655737565,
            0.8187919463087249,
            0.5843137254901961
        ]
    ],
    "./bg_img/ckk8b8zb2bhgv0re7bcjq17x5.jpg": [
        [
            359.14285714285717,
            0.7446808510638298,
            0.7372549019607844
        ],
        [
            42.53164556962025,
            0.316,
            0.9803921568627451
        ]
    ],
    "./bg_img/ckk8b8zb1bhff0re7a4hxgamg.jpg": [
        [
            0.34285714285715585,
            0.9887005649717514,
            0.6941176470588235
        ],
        [
            0.46875,
            1.0,
            0.5019607843137255
        ]
    ],
    "./bg_img/ckk8b8zb2bhfr0re79pa14opt.jpg": [
        [
            175.00000000000003,
            0.04724409448818903,
            0.996078431372549
        ],
        [
            309.3975903614458,
            0.51875,
            0.6274509803921569
        ]
    ],
    "./bg_img/ckk8b8zb2bhfz0re7b4iw6ltw.jpg": [
        [
            1.1999999999999886,
            0.7575757575757576,
            0.25882352941176473
        ],
        [
            38.18181818181819,
            0.22177419354838712,
            0.9725490196078431
        ]
    ],
    "./bg_img/ckk8b8zb2bhgj0re7geegahnd.jpg": [
        [
            20.0,
            0.2213114754098361,
            0.9568627450980393
        ],
        [
            5.4098360655737565,
            0.7218934911242604,
            0.6627450980392157
        ]
    ],
    "./bg_img/ckk8b8zb2bhgf0re7dat67g84.jpg": [
        [
            0,
            0.0,
            0.6431372549019608
        ],
        [
            330.44776119402985,
            0.5775862068965516,
            0.4549019607843137
        ]
    ],
    "./bg_img/ckk8b8zb1bhf70re7e8qgbe3y.jpg": [
        [
            217.82608695652175,
            0.8363636363636364,
            0.43137254901960786
        ],
        [
            40.3125,
            0.5614035087719298,
            0.8941176470588236
        ]
    ],
    "./bg_img/ckk8b8zb2bhgr0re78u61ell0.jpg": [
        [
            242.8235294117647,
            0.9550561797752809,
            0.34901960784313724
        ],
        [
            226.92307692307693,
            0.8297872340425532,
            0.7372549019607844
        ]
    ],
    "./bg_img/ckk8b8zb2bhfj0re7h33f5swe.jpg": [
        [
            345.0000000000001,
            0.01581027667984195,
            0.9921568627450981
        ],
        [
            52.32876712328766,
            0.8795180722891566,
            0.9764705882352941
        ]
    ],
    "./bg_img/ckk8b8zb1bhf30re7dn9t44cq.jpg": [
        [
            0.0,
            0.7734375,
            0.5019607843137255
        ],
        [
            0,
            0.0,
            0.996078431372549
        ]
    ],
    "./bg_img/ckk8b8zb2bhg70re787zk07dk.jpg": [
        [
            189.6,
            0.19841269841269848,
            0.9882352941176471
        ],
        [
            4.342105263157919,
            0.7136150234741784,
            0.8352941176470589
        ]
    ],
    "./bg_img/ckk8b8zb2bhg30re719mqf8ei.jpg": [
        [
            0,
            0.0,
            0.996078431372549
        ],
        [
            15.286624203821646,
            0.940119760479042,
            0.6549019607843137
        ]
    ],
    "./bg_img/ckk8b8zb2bhgn0re7hk40eoyf.jpg": [
        [
            208.0,
            0.8737864077669903,
            0.403921568627451
        ],
        [
            30.0,
            0.5462184873949579,
            0.9333333333333333
        ]
    ],
    "./bg_img/ckk8b8zb2bhgb0re7cyup52ww.jpg": [
        [
            0.0,
            0.5797101449275363,
            0.5411764705882353
        ],
        [
            60.0,
            0.003937007874015734,
            0.996078431372549
        ]
    ],
    "./bg_img/ckk8b8zb2bhfv0re78uqqao58.jpg": [
        [
            2.514970059880227,
            0.9709302325581395,
            0.6745098039215687
        ],
        [
            39.69924812030075,
            0.5341365461847389,
            0.9764705882352941
        ]
    ]
}